{"train_rmse":34.2058151465693,"_timestamp":1.761752125824506e+09,"_wandb":{"runtime":0},"_runtime":0,"_step":0}
