{"_runtime":1,"train_rmse":34.2058151465693,"_timestamp":1.7617489429460354e+09,"_step":0,"_wandb":{"runtime":1}}
