{"_wandb":{"runtime":1},"_runtime":1,"_step":0,"train_rmse":34.2058151465693,"_timestamp":1.7617531255578e+09}
