{"_step":0,"train_rmse":34.2058151465693,"_runtime":0,"_wandb":{"runtime":0},"_timestamp":1.7617483494402063e+09}
